"APG_IV_sort","phylum","subphylum","superclass","class","subclass","superorder","order","family"
10010,"Tracheophyta","Lycopodiophytina","Lycophytes","Lycopodiopsida","Lycopodiidae","Lycopodiane","Lycopodiales","Lycopodiaceae"
10020,"Tracheophyta","Lycopodiophytina","Lycophytes","Lycopodiopsida","Lycopodiidae","Isoetanae","Isoetales","Isoetaceae"
10030,"Tracheophyta","Lycopodiophytina","Lycophytes","Lycopodiopsida","Lycopodiidae","Selaginellanae","Selaginellales","Selaginellaceae"
20010,"Tracheophyta","Polypodiophytina","Monilophytes","Equisetopsida","Equisetidae","Equisetanae","Equisetales","Equisetaceae"
20020,"Tracheophyta","Polypodiophytina","Monilophytes","Ophioglossopsida","Ophioglossidae","Ophioglossianae","Ophioglossales","Ophioglossaceae"
20030,"Tracheophyta","Polypodiophytina","Monilophytes","Ophioglossopsida","Psilotopsidae","Psilotanae","Psilotales","Psilotaceae"
20040,"Tracheophyta","Polypodiophytina","Monilophytes","Marattiopsida","Marattiidae","Marattianae","Marattiales","Marattiaceae"
20050,"Tracheophyta","Polypodiophytina","Monilophytes","Polypodiopsida","Polypodiidae","Osmundanae","Osmundales","Osmundaceae"
20060,"Tracheophyta","Polypodiophytina","Monilophytes","Polypodiopsida","Polypodiidae","Hymenophyllane","Hymenophyllales","Hymenophyllaceae"
20070,"Tracheophyta","Polypodiophytina","Monilophytes","Polypodiopsida","Polypodiidae","Gleichenianae","Gleicheniales","Gleicheniaceae"
20080,"Tracheophyta","Polypodiophytina","Monilophytes","Polypodiopsida","Polypodiidae","Gleichenianae","Gleicheniales","Dipteridaceae"
20090,"Tracheophyta","Polypodiophytina","Monilophytes","Polypodiopsida","Polypodiidae","Gleichenianae","Gleicheniales","Matoniaceae"
20100,"Tracheophyta","Polypodiophytina","Monilophytes","Polypodiopsida","Polypodiidae","Schizaeinae","Schizaeales","Lygodiaceae"
20110,"Tracheophyta","Polypodiophytina","Monilophytes","Polypodiopsida","Polypodiidae","Schizaeinae","Schizaeales","Schizaeaceae"
20120,"Tracheophyta","Polypodiophytina","Monilophytes","Polypodiopsida","Polypodiidae","Schizaeinae","Schizaeales","Anemiaceae"
20130,"Tracheophyta","Polypodiophytina","Monilophytes","Polypodiopsida","Polypodiidae","Salvinianae","Salviniales","Marsileaceae"
20140,"Tracheophyta","Polypodiophytina","Monilophytes","Polypodiopsida","Polypodiidae","Salvinianae","Salviniales","Salviniaceae"
20150,"Tracheophyta","Polypodiophytina","Monilophytes","Polypodiopsida","Polypodiidae","Cyatheinae","Cyatheales","Thyrsopteridaceae"
20160,"Tracheophyta","Polypodiophytina","Monilophytes","Polypodiopsida","Polypodiidae","Cyatheinae","Cyatheales","Loxsomataceae"
20170,"Tracheophyta","Polypodiophytina","Monilophytes","Polypodiopsida","Polypodiidae","Cyatheinae","Cyatheales","Culcitaceae"
20180,"Tracheophyta","Polypodiophytina","Monilophytes","Polypodiopsida","Polypodiidae","Cyatheinae","Cyatheales","Plagiogyriaceae"
20190,"Tracheophyta","Polypodiophytina","Monilophytes","Polypodiopsida","Polypodiidae","Cyatheinae","Cyatheales","Cibotiaceae"
20200,"Tracheophyta","Polypodiophytina","Monilophytes","Polypodiopsida","Polypodiidae","Cyatheinae","Cyatheales","Cyatheaceae"
20210,"Tracheophyta","Polypodiophytina","Monilophytes","Polypodiopsida","Polypodiidae","Cyatheinae","Cyatheales","Dicksoniaceae"
20220,"Tracheophyta","Polypodiophytina","Monilophytes","Polypodiopsida","Polypodiidae","Cyatheinae","Cyatheales","Metaxyaceae"
20230,"Tracheophyta","Polypodiophytina","Monilophytes","Polypodiopsida","Polypodiidae","Polypodinae","Polypodiales","Lonchitidaceae"
20240,"Tracheophyta","Polypodiophytina","Monilophytes","Polypodiopsida","Polypodiidae","Polypodinae","Polypodiales","Saccolomataceae"
20250,"Tracheophyta","Polypodiophytina","Monilophytes","Polypodiopsida","Polypodiidae","Polypodinae","Polypodiales","Cystodiaceae"
20260,"Tracheophyta","Polypodiophytina","Monilophytes","Polypodiopsida","Polypodiidae","Polypodinae","Polypodiales","Lindsaeaceae"
20270,"Tracheophyta","Polypodiophytina","Monilophytes","Polypodiopsida","Polypodiidae","Polypodinae","Polypodiales","Dennstaedtiaceae"
20280,"Tracheophyta","Polypodiophytina","Monilophytes","Polypodiopsida","Polypodiidae","Polypodinae","Polypodiales","Pteridaceae"
20290,"Tracheophyta","Polypodiophytina","Monilophytes","Polypodiopsida","Polypodiidae","Polypodinae","Polypodiales","Cystopteridaceae"
20300,"Tracheophyta","Polypodiophytina","Monilophytes","Polypodiopsida","Polypodiidae","Polypodinae","Polypodiales","Rhachidosoraceae"
20310,"Tracheophyta","Polypodiophytina","Monilophytes","Polypodiopsida","Polypodiidae","Polypodinae","Polypodiales","Diplaziopsidaceae"
20320,"Tracheophyta","Polypodiophytina","Monilophytes","Polypodiopsida","Polypodiidae","Polypodinae","Polypodiales","Hemidictyaceae"
20330,"Tracheophyta","Polypodiophytina","Monilophytes","Polypodiopsida","Polypodiidae","Polypodinae","Polypodiales","Aspleniaceae"
20340,"Tracheophyta","Polypodiophytina","Monilophytes","Polypodiopsida","Polypodiidae","Polypodinae","Polypodiales","Thelypteridaceae"
20350,"Tracheophyta","Polypodiophytina","Monilophytes","Polypodiopsida","Polypodiidae","Polypodinae","Polypodiales","Woodsiaceae"
20360,"Tracheophyta","Polypodiophytina","Monilophytes","Polypodiopsida","Polypodiidae","Polypodinae","Polypodiales","Athyriaceae"
20370,"Tracheophyta","Polypodiophytina","Monilophytes","Polypodiopsida","Polypodiidae","Polypodinae","Polypodiales","Onocleaceae"
20380,"Tracheophyta","Polypodiophytina","Monilophytes","Polypodiopsida","Polypodiidae","Polypodinae","Polypodiales","Blechnaceae"
20390,"Tracheophyta","Polypodiophytina","Monilophytes","Polypodiopsida","Polypodiidae","Polypodinae","Polypodiales","Hypodematiaceae"
20400,"Tracheophyta","Polypodiophytina","Monilophytes","Polypodiopsida","Polypodiidae","Polypodinae","Polypodiales","Dryopteridaceae"
20410,"Tracheophyta","Polypodiophytina","Monilophytes","Polypodiopsida","Polypodiidae","Polypodinae","Polypodiales","Lomariopsidaceae"
20420,"Tracheophyta","Polypodiophytina","Monilophytes","Polypodiopsida","Polypodiidae","Polypodinae","Polypodiales","Nephrolepidaceae"
20430,"Tracheophyta","Polypodiophytina","Monilophytes","Polypodiopsida","Polypodiidae","Polypodinae","Polypodiales","Tectariaceae"
20440,"Tracheophyta","Polypodiophytina","Monilophytes","Polypodiopsida","Polypodiidae","Polypodinae","Polypodiales","Oleandraceae"
20450,"Tracheophyta","Polypodiophytina","Monilophytes","Polypodiopsida","Polypodiidae","Polypodinae","Polypodiales","Davalliaceae"
20460,"Tracheophyta","Polypodiophytina","Monilophytes","Polypodiopsida","Polypodiidae","Polypodinae","Polypodiales","Polypodiaceae"
30010,"Tracheophyta","Spermatophytina","Acrogymnosperms","Cycadopsida","Cycadidae","Cycadinae","Cycadales","Cycadaceae"
30020,"Tracheophyta","Spermatophytina","Acrogymnosperms","Cycadopsida","Cycadidae","Cycadinae","Cycadales","Zamiaceae"
30030,"Tracheophyta","Spermatophytina","Acrogymnosperms","Ginkgoopsida","Ginkgoidae","Ginkgoinae","Ginkgoales","Ginkgoaceae"
30040,"Tracheophyta","Spermatophytina","Acrogymnosperms","Gnetopsida","Gnetidae","Gnetinae","Gnetales","Welwitschiaceae"
30050,"Tracheophyta","Spermatophytina","Acrogymnosperms","Gnetopsida","Gnetidae","Gnetinae","Gnetales","Gnetaceae"
30060,"Tracheophyta","Spermatophytina","Acrogymnosperms","Gnetopsida","Gnetidae","Gnetinae","Gnetales","Ephedraceae"
30070,"Tracheophyta","Spermatophytina","Acrogymnosperms","Pinopsida","Pinidae","Pininae","Pinales","Pinaceae"
30080,"Tracheophyta","Spermatophytina","Acrogymnosperms","Cupressopsida","Cupressidae","Araucarianae","Araucariales","Araucariaceae"
30090,"Tracheophyta","Spermatophytina","Acrogymnosperms","Cupressopsida","Cupressidae","Araucarianae","Araucariales","Podocarpaceae"
30100,"Tracheophyta","Spermatophytina","Acrogymnosperms","Cupressopsida","Cupressidae","Cupressinae","Cupressales","Sciadopityaceae"
30110,"Tracheophyta","Spermatophytina","Acrogymnosperms","Cupressopsida","Cupressidae","Cupressinae","Cupressales","Taxaceae"
30120,"Tracheophyta","Spermatophytina","Acrogymnosperms","Cupressopsida","Cupressidae","Cupressinae","Cupressales","Cupressaceae"
40001,"Tracheophyta","Spermatophytina","Anthophytes","Magnoliopsida","Amborellidae","Amborellanae","Amborellales","Amborellaceae"
40002,"Tracheophyta","Spermatophytina","Anthophytes","Magnoliopsida","Nymphaeidae","Nymphaeanae","Nymphaeales","Hydatellaceae"
40003,"Tracheophyta","Spermatophytina","Anthophytes","Magnoliopsida","Nymphaeidae","Nymphaeanae","Nymphaeales","Cabombaceae"
40004,"Tracheophyta","Spermatophytina","Anthophytes","Magnoliopsida","Nymphaeidae","Nymphaeanae","Nymphaeales","Nymphaeaceae"
40005,"Tracheophyta","Spermatophytina","Anthophytes","Magnoliopsida","Austrobaileyidae","Austrobaileyanae","Austrobaileyales","Austrobaileyaceae"
40006,"Tracheophyta","Spermatophytina","Anthophytes","Magnoliopsida","Austrobaileyidae","Austrobaileyanae","Austrobaileyales","Trimeniaceae"
40007,"Tracheophyta","Spermatophytina","Anthophytes","Magnoliopsida","Austrobaileyidae","Austrobaileyanae","Austrobaileyales","Schisandraceae"
40008,"Tracheophyta","Spermatophytina","Anthophytes","Magnoliopsida","Magnoliidae","Magnolianae","Canellales","Canellaceae"
40009,"Tracheophyta","Spermatophytina","Anthophytes","Magnoliopsida","Magnoliidae","Magnolianae","Canellales","Winteraceae"
40010,"Tracheophyta","Spermatophytina","Anthophytes","Magnoliopsida","Magnoliidae","Magnolianae","Piperales","Saururaceae"
40011,"Tracheophyta","Spermatophytina","Anthophytes","Magnoliopsida","Magnoliidae","Magnolianae","Piperales","Piperaceae"
40012,"Tracheophyta","Spermatophytina","Anthophytes","Magnoliopsida","Magnoliidae","Magnolianae","Piperales","Aristolochiaceae"
40013,"Tracheophyta","Spermatophytina","Anthophytes","Magnoliopsida","Magnoliidae","Magnolianae","Magnoliales","Myristicaceae"
40014,"Tracheophyta","Spermatophytina","Anthophytes","Magnoliopsida","Magnoliidae","Magnolianae","Magnoliales","Magnoliaceae"
40015,"Tracheophyta","Spermatophytina","Anthophytes","Magnoliopsida","Magnoliidae","Magnolianae","Magnoliales","Degeneriaceae"
40016,"Tracheophyta","Spermatophytina","Anthophytes","Magnoliopsida","Magnoliidae","Magnolianae","Magnoliales","Himantandraceae"
40017,"Tracheophyta","Spermatophytina","Anthophytes","Magnoliopsida","Magnoliidae","Magnolianae","Magnoliales","Eupomatiaceae"
40018,"Tracheophyta","Spermatophytina","Anthophytes","Magnoliopsida","Magnoliidae","Magnolianae","Magnoliales","Annonaceae"
40019,"Tracheophyta","Spermatophytina","Anthophytes","Magnoliopsida","Magnoliidae","Magnolianae","Laurales","Calycanthaceae"
40020,"Tracheophyta","Spermatophytina","Anthophytes","Magnoliopsida","Magnoliidae","Magnolianae","Laurales","Siparunaceae"
40021,"Tracheophyta","Spermatophytina","Anthophytes","Magnoliopsida","Magnoliidae","Magnolianae","Laurales","Gomortegaceae"
40022,"Tracheophyta","Spermatophytina","Anthophytes","Magnoliopsida","Magnoliidae","Magnolianae","Laurales","Atherospermataceae"
40023,"Tracheophyta","Spermatophytina","Anthophytes","Magnoliopsida","Magnoliidae","Magnolianae","Laurales","Hernandiaceae"
40024,"Tracheophyta","Spermatophytina","Anthophytes","Magnoliopsida","Magnoliidae","Magnolianae","Laurales","Monimiaceae"
40025,"Tracheophyta","Spermatophytina","Anthophytes","Magnoliopsida","Magnoliidae","Magnolianae","Laurales","Lauraceae"
40026,"Tracheophyta","Spermatophytina","Anthophytes","Magnoliopsida","Chloranthidae","Chloranthanae","Chloranthales","Chloranthaceae"
40027,"Tracheophyta","Spermatophytina","Anthophytes","Magnoliopsida","Liliidae","Lilianae","Acorales","Acoraceae"
40028,"Tracheophyta","Spermatophytina","Anthophytes","Magnoliopsida","Liliidae","Lilianae","Alismatales","Araceae"
40029,"Tracheophyta","Spermatophytina","Anthophytes","Magnoliopsida","Liliidae","Lilianae","Alismatales","Tofieldiaceae"
40030,"Tracheophyta","Spermatophytina","Anthophytes","Magnoliopsida","Liliidae","Lilianae","Alismatales","Alismataceae"
40031,"Tracheophyta","Spermatophytina","Anthophytes","Magnoliopsida","Liliidae","Lilianae","Alismatales","Butomaceae"
40032,"Tracheophyta","Spermatophytina","Anthophytes","Magnoliopsida","Liliidae","Lilianae","Alismatales","Hydrocharitaceae"
40033,"Tracheophyta","Spermatophytina","Anthophytes","Magnoliopsida","Liliidae","Lilianae","Alismatales","Scheuchzeriaceae"
40034,"Tracheophyta","Spermatophytina","Anthophytes","Magnoliopsida","Liliidae","Lilianae","Alismatales","Aponogetonaceae"
40035,"Tracheophyta","Spermatophytina","Anthophytes","Magnoliopsida","Liliidae","Lilianae","Alismatales","Juncaginaceae"
40036,"Tracheophyta","Spermatophytina","Anthophytes","Magnoliopsida","Liliidae","Lilianae","Alismatales","Maundiaceae"
40037,"Tracheophyta","Spermatophytina","Anthophytes","Magnoliopsida","Liliidae","Lilianae","Alismatales","Zosteraceae"
40038,"Tracheophyta","Spermatophytina","Anthophytes","Magnoliopsida","Liliidae","Lilianae","Alismatales","Potamogetonaceae"
40039,"Tracheophyta","Spermatophytina","Anthophytes","Magnoliopsida","Liliidae","Lilianae","Alismatales","Posidoniaceae"
40040,"Tracheophyta","Spermatophytina","Anthophytes","Magnoliopsida","Liliidae","Lilianae","Alismatales","Ruppiaceae"
40041,"Tracheophyta","Spermatophytina","Anthophytes","Magnoliopsida","Liliidae","Lilianae","Alismatales","Cymodoceaceae"
40042,"Tracheophyta","Spermatophytina","Anthophytes","Magnoliopsida","Liliidae","Lilianae","Petrosaviales","Petrosaviaceae"
40043,"Tracheophyta","Spermatophytina","Anthophytes","Magnoliopsida","Liliidae","Lilianae","Dioscoreales","Nartheciaceae"
40044,"Tracheophyta","Spermatophytina","Anthophytes","Magnoliopsida","Liliidae","Lilianae","Dioscoreales","Burmanniaceae"
40045,"Tracheophyta","Spermatophytina","Anthophytes","Magnoliopsida","Liliidae","Lilianae","Dioscoreales","Dioscoreaceae"
40046,"Tracheophyta","Spermatophytina","Anthophytes","Magnoliopsida","Liliidae","Lilianae","Pandanales","Triuridaceae"
40047,"Tracheophyta","Spermatophytina","Anthophytes","Magnoliopsida","Liliidae","Lilianae","Pandanales","Velloziaceae"
40048,"Tracheophyta","Spermatophytina","Anthophytes","Magnoliopsida","Liliidae","Lilianae","Pandanales","Stemonaceae"
40049,"Tracheophyta","Spermatophytina","Anthophytes","Magnoliopsida","Liliidae","Lilianae","Pandanales","Cyclanthaceae"
40050,"Tracheophyta","Spermatophytina","Anthophytes","Magnoliopsida","Liliidae","Lilianae","Pandanales","Pandanaceae"
40051,"Tracheophyta","Spermatophytina","Anthophytes","Magnoliopsida","Liliidae","Lilianae","Liliales","Campynemataceae"
40052,"Tracheophyta","Spermatophytina","Anthophytes","Magnoliopsida","Liliidae","Lilianae","Liliales","Corsiaceae"
40053,"Tracheophyta","Spermatophytina","Anthophytes","Magnoliopsida","Liliidae","Lilianae","Liliales","Melanthiaceae"
40054,"Tracheophyta","Spermatophytina","Anthophytes","Magnoliopsida","Liliidae","Lilianae","Liliales","Petermanniaceae"
40055,"Tracheophyta","Spermatophytina","Anthophytes","Magnoliopsida","Liliidae","Lilianae","Liliales","Alstroemeriaceae"
40056,"Tracheophyta","Spermatophytina","Anthophytes","Magnoliopsida","Liliidae","Lilianae","Liliales","Colchicaceae"
40057,"Tracheophyta","Spermatophytina","Anthophytes","Magnoliopsida","Liliidae","Lilianae","Liliales","Philesiaceae"
40058,"Tracheophyta","Spermatophytina","Anthophytes","Magnoliopsida","Liliidae","Lilianae","Liliales","Ripogonaceae"
40059,"Tracheophyta","Spermatophytina","Anthophytes","Magnoliopsida","Liliidae","Lilianae","Liliales","Smilacaceae"
40060,"Tracheophyta","Spermatophytina","Anthophytes","Magnoliopsida","Liliidae","Lilianae","Liliales","Liliaceae"
40061,"Tracheophyta","Spermatophytina","Anthophytes","Magnoliopsida","Liliidae","Lilianae","Asparagales","Orchidaceae"
40062,"Tracheophyta","Spermatophytina","Anthophytes","Magnoliopsida","Liliidae","Lilianae","Asparagales","Boryaceae"
40063,"Tracheophyta","Spermatophytina","Anthophytes","Magnoliopsida","Liliidae","Lilianae","Asparagales","Blandfordiaceae"
40064,"Tracheophyta","Spermatophytina","Anthophytes","Magnoliopsida","Liliidae","Lilianae","Asparagales","Asteliaceae"
40065,"Tracheophyta","Spermatophytina","Anthophytes","Magnoliopsida","Liliidae","Lilianae","Asparagales","Lanariaceae"
40066,"Tracheophyta","Spermatophytina","Anthophytes","Magnoliopsida","Liliidae","Lilianae","Asparagales","Hypoxidaceae"
40067,"Tracheophyta","Spermatophytina","Anthophytes","Magnoliopsida","Liliidae","Lilianae","Asparagales","Doryanthaceae"
40068,"Tracheophyta","Spermatophytina","Anthophytes","Magnoliopsida","Liliidae","Lilianae","Asparagales","Ixioliriaceae"
40069,"Tracheophyta","Spermatophytina","Anthophytes","Magnoliopsida","Liliidae","Lilianae","Asparagales","Tecophilaeaceae"
40070,"Tracheophyta","Spermatophytina","Anthophytes","Magnoliopsida","Liliidae","Lilianae","Asparagales","Iridaceae"
40071,"Tracheophyta","Spermatophytina","Anthophytes","Magnoliopsida","Liliidae","Lilianae","Asparagales","Xeronemataceae"
40072,"Tracheophyta","Spermatophytina","Anthophytes","Magnoliopsida","Liliidae","Lilianae","Asparagales","Asphodelaceae"
40073,"Tracheophyta","Spermatophytina","Anthophytes","Magnoliopsida","Liliidae","Lilianae","Asparagales","Amaryllidaceae"
40074,"Tracheophyta","Spermatophytina","Anthophytes","Magnoliopsida","Liliidae","Lilianae","Asparagales","Asparagaceae"
40075,"Tracheophyta","Spermatophytina","Anthophytes","Magnoliopsida","Liliidae","Lilianae","Arecales","Dasypogonaceae"
40076,"Tracheophyta","Spermatophytina","Anthophytes","Magnoliopsida","Liliidae","Lilianae","Arecales","Arecaceae"
40077,"Tracheophyta","Spermatophytina","Anthophytes","Magnoliopsida","Liliidae","Lilianae","Commelinales","Hanguanaceae"
40078,"Tracheophyta","Spermatophytina","Anthophytes","Magnoliopsida","Liliidae","Lilianae","Commelinales","Commelinaceae"
40079,"Tracheophyta","Spermatophytina","Anthophytes","Magnoliopsida","Liliidae","Lilianae","Commelinales","Philydraceae"
40080,"Tracheophyta","Spermatophytina","Anthophytes","Magnoliopsida","Liliidae","Lilianae","Commelinales","Pontederiaceae"
40081,"Tracheophyta","Spermatophytina","Anthophytes","Magnoliopsida","Liliidae","Lilianae","Commelinales","Haemodoraceae"
40082,"Tracheophyta","Spermatophytina","Anthophytes","Magnoliopsida","Liliidae","Lilianae","Zingiberales","Strelitziaceae"
40083,"Tracheophyta","Spermatophytina","Anthophytes","Magnoliopsida","Liliidae","Lilianae","Zingiberales","Lowiaceae"
40084,"Tracheophyta","Spermatophytina","Anthophytes","Magnoliopsida","Liliidae","Lilianae","Zingiberales","Heliconiaceae"
40085,"Tracheophyta","Spermatophytina","Anthophytes","Magnoliopsida","Liliidae","Lilianae","Zingiberales","Musaceae"
40086,"Tracheophyta","Spermatophytina","Anthophytes","Magnoliopsida","Liliidae","Lilianae","Zingiberales","Cannaceae"
40087,"Tracheophyta","Spermatophytina","Anthophytes","Magnoliopsida","Liliidae","Lilianae","Zingiberales","Marantaceae"
40088,"Tracheophyta","Spermatophytina","Anthophytes","Magnoliopsida","Liliidae","Lilianae","Zingiberales","Costaceae"
40089,"Tracheophyta","Spermatophytina","Anthophytes","Magnoliopsida","Liliidae","Lilianae","Zingiberales","Zingiberaceae"
40090,"Tracheophyta","Spermatophytina","Anthophytes","Magnoliopsida","Liliidae","Lilianae","Poales","Typhaceae"
40091,"Tracheophyta","Spermatophytina","Anthophytes","Magnoliopsida","Liliidae","Lilianae","Poales","Bromeliaceae"
40092,"Tracheophyta","Spermatophytina","Anthophytes","Magnoliopsida","Liliidae","Lilianae","Poales","Rapateaceae"
40093,"Tracheophyta","Spermatophytina","Anthophytes","Magnoliopsida","Liliidae","Lilianae","Poales","Xyridaceae"
40094,"Tracheophyta","Spermatophytina","Anthophytes","Magnoliopsida","Liliidae","Lilianae","Poales","Eriocaulaceae"
40095,"Tracheophyta","Spermatophytina","Anthophytes","Magnoliopsida","Liliidae","Lilianae","Poales","Mayacaceae"
40096,"Tracheophyta","Spermatophytina","Anthophytes","Magnoliopsida","Liliidae","Lilianae","Poales","Thurniaceae"
40097,"Tracheophyta","Spermatophytina","Anthophytes","Magnoliopsida","Liliidae","Lilianae","Poales","Juncaceae"
40098,"Tracheophyta","Spermatophytina","Anthophytes","Magnoliopsida","Liliidae","Lilianae","Poales","Cyperaceae"
40099,"Tracheophyta","Spermatophytina","Anthophytes","Magnoliopsida","Liliidae","Lilianae","Poales","Restionaceae"
40100,"Tracheophyta","Spermatophytina","Anthophytes","Magnoliopsida","Liliidae","Lilianae","Poales","Flagellariaceae"
40101,"Tracheophyta","Spermatophytina","Anthophytes","Magnoliopsida","Liliidae","Lilianae","Poales","Joinvilleaceae"
40102,"Tracheophyta","Spermatophytina","Anthophytes","Magnoliopsida","Liliidae","Lilianae","Poales","Ecdeiocoleaceae"
40103,"Tracheophyta","Spermatophytina","Anthophytes","Magnoliopsida","Liliidae","Lilianae","Poales","Poaceae"
40104,"Tracheophyta","Spermatophytina","Anthophytes","Magnoliopsida","Ceratophyllidae","Ceratophyllanae","Ceratophyllales","Ceratophyllaceae"
40105,"Tracheophyta","Spermatophytina","Anthophytes","Magnoliopsida","Rosidae","Ranunculanae","Ranunculales","Eupteleaceae"
40106,"Tracheophyta","Spermatophytina","Anthophytes","Magnoliopsida","Rosidae","Ranunculanae","Ranunculales","Papaveraceae"
40107,"Tracheophyta","Spermatophytina","Anthophytes","Magnoliopsida","Rosidae","Ranunculanae","Ranunculales","Circaeasteraceae"
40108,"Tracheophyta","Spermatophytina","Anthophytes","Magnoliopsida","Rosidae","Ranunculanae","Ranunculales","Lardizabalaceae"
40109,"Tracheophyta","Spermatophytina","Anthophytes","Magnoliopsida","Rosidae","Ranunculanae","Ranunculales","Menispermaceae"
40110,"Tracheophyta","Spermatophytina","Anthophytes","Magnoliopsida","Rosidae","Ranunculanae","Ranunculales","Berberidaceae"
40111,"Tracheophyta","Spermatophytina","Anthophytes","Magnoliopsida","Rosidae","Ranunculanae","Ranunculales","Ranunculaceae"
40112,"Tracheophyta","Spermatophytina","Anthophytes","Magnoliopsida","Rosidae","Proteanae","Proteales","Sabiaceae"
40113,"Tracheophyta","Spermatophytina","Anthophytes","Magnoliopsida","Rosidae","Proteanae","Proteales","Nelumbonaceae"
40114,"Tracheophyta","Spermatophytina","Anthophytes","Magnoliopsida","Rosidae","Proteanae","Proteales","Platanaceae"
40115,"Tracheophyta","Spermatophytina","Anthophytes","Magnoliopsida","Rosidae","Proteanae","Proteales","Proteaceae"
40116,"Tracheophyta","Spermatophytina","Anthophytes","Magnoliopsida","Rosidae","Trochodendranae","Trochodendrales","Trochodendraceae"
40117,"Tracheophyta","Spermatophytina","Anthophytes","Magnoliopsida","Rosidae","Buxanae","Buxales","Buxaceae"
40118,"Tracheophyta","Spermatophytina","Anthophytes","Magnoliopsida","Rosidae","Myrothamnanae","Gunnerales","Myrothamnaceae"
40119,"Tracheophyta","Spermatophytina","Anthophytes","Magnoliopsida","Rosidae","Myrothamnanae","Gunnerales","Gunneraceae"
40120,"Tracheophyta","Spermatophytina","Anthophytes","Magnoliopsida","Rosidae","Dillenianae","Dilleniales","Dilleniaceae"
40121,"Tracheophyta","Spermatophytina","Anthophytes","Magnoliopsida","Rosidae","Saxifraganae","Saxifragales","Peridiscaceae"
40122,"Tracheophyta","Spermatophytina","Anthophytes","Magnoliopsida","Rosidae","Saxifraganae","Saxifragales","Paeoniaceae"
40123,"Tracheophyta","Spermatophytina","Anthophytes","Magnoliopsida","Rosidae","Saxifraganae","Saxifragales","Altingiaceae"
40124,"Tracheophyta","Spermatophytina","Anthophytes","Magnoliopsida","Rosidae","Saxifraganae","Saxifragales","Hamamelidaceae"
40125,"Tracheophyta","Spermatophytina","Anthophytes","Magnoliopsida","Rosidae","Saxifraganae","Saxifragales","Cercidiphyllaceae"
40126,"Tracheophyta","Spermatophytina","Anthophytes","Magnoliopsida","Rosidae","Saxifraganae","Saxifragales","Daphniphyllaceae"
40127,"Tracheophyta","Spermatophytina","Anthophytes","Magnoliopsida","Rosidae","Saxifraganae","Saxifragales","Iteaceae"
40128,"Tracheophyta","Spermatophytina","Anthophytes","Magnoliopsida","Rosidae","Saxifraganae","Saxifragales","Grossulariaceae"
40129,"Tracheophyta","Spermatophytina","Anthophytes","Magnoliopsida","Rosidae","Saxifraganae","Saxifragales","Saxifragaceae"
40130,"Tracheophyta","Spermatophytina","Anthophytes","Magnoliopsida","Rosidae","Saxifraganae","Saxifragales","Crassulaceae"
40131,"Tracheophyta","Spermatophytina","Anthophytes","Magnoliopsida","Rosidae","Saxifraganae","Saxifragales","Aphanopetalaceae"
40132,"Tracheophyta","Spermatophytina","Anthophytes","Magnoliopsida","Rosidae","Saxifraganae","Saxifragales","Tetracarpaeaceae"
40133,"Tracheophyta","Spermatophytina","Anthophytes","Magnoliopsida","Rosidae","Saxifraganae","Saxifragales","Penthoraceae"
40134,"Tracheophyta","Spermatophytina","Anthophytes","Magnoliopsida","Rosidae","Saxifraganae","Saxifragales","Haloragaceae"
40135,"Tracheophyta","Spermatophytina","Anthophytes","Magnoliopsida","Rosidae","Saxifraganae","Saxifragales","Cynomoriaceae"
40136,"Tracheophyta","Spermatophytina","Anthophytes","Magnoliopsida","Rosidae","Rosanae","Vitales","Vitaceae"
40137,"Tracheophyta","Spermatophytina","Anthophytes","Magnoliopsida","Rosidae","Rosanae","Zygophyllales","Krameriaceae"
40138,"Tracheophyta","Spermatophytina","Anthophytes","Magnoliopsida","Rosidae","Rosanae","Zygophyllales","Zygophyllaceae"
40139,"Tracheophyta","Spermatophytina","Anthophytes","Magnoliopsida","Rosidae","Rosanae","Fabales","Quillajaceae"
40140,"Tracheophyta","Spermatophytina","Anthophytes","Magnoliopsida","Rosidae","Rosanae","Fabales","Fabaceae"
40141,"Tracheophyta","Spermatophytina","Anthophytes","Magnoliopsida","Rosidae","Rosanae","Fabales","Surianaceae"
40142,"Tracheophyta","Spermatophytina","Anthophytes","Magnoliopsida","Rosidae","Rosanae","Fabales","Polygalaceae"
40143,"Tracheophyta","Spermatophytina","Anthophytes","Magnoliopsida","Rosidae","Rosanae","Rosales","Rosaceae"
40144,"Tracheophyta","Spermatophytina","Anthophytes","Magnoliopsida","Rosidae","Rosanae","Rosales","Barbeyaceae"
40145,"Tracheophyta","Spermatophytina","Anthophytes","Magnoliopsida","Rosidae","Rosanae","Rosales","Dirachmaceae"
40146,"Tracheophyta","Spermatophytina","Anthophytes","Magnoliopsida","Rosidae","Rosanae","Rosales","Elaeagnaceae"
40147,"Tracheophyta","Spermatophytina","Anthophytes","Magnoliopsida","Rosidae","Rosanae","Rosales","Rhamnaceae"
40148,"Tracheophyta","Spermatophytina","Anthophytes","Magnoliopsida","Rosidae","Rosanae","Rosales","Ulmaceae"
40149,"Tracheophyta","Spermatophytina","Anthophytes","Magnoliopsida","Rosidae","Rosanae","Rosales","Cannabaceae"
40150,"Tracheophyta","Spermatophytina","Anthophytes","Magnoliopsida","Rosidae","Rosanae","Rosales","Moraceae"
40151,"Tracheophyta","Spermatophytina","Anthophytes","Magnoliopsida","Rosidae","Rosanae","Rosales","Urticaceae"
40152,"Tracheophyta","Spermatophytina","Anthophytes","Magnoliopsida","Rosidae","Rosanae","Fagales","Nothofagaceae"
40153,"Tracheophyta","Spermatophytina","Anthophytes","Magnoliopsida","Rosidae","Rosanae","Fagales","Fagaceae"
40154,"Tracheophyta","Spermatophytina","Anthophytes","Magnoliopsida","Rosidae","Rosanae","Fagales","Myricaceae"
40155,"Tracheophyta","Spermatophytina","Anthophytes","Magnoliopsida","Rosidae","Rosanae","Fagales","Juglandaceae"
40156,"Tracheophyta","Spermatophytina","Anthophytes","Magnoliopsida","Rosidae","Rosanae","Fagales","Casuarinaceae"
40157,"Tracheophyta","Spermatophytina","Anthophytes","Magnoliopsida","Rosidae","Rosanae","Fagales","Ticodendraceae"
40158,"Tracheophyta","Spermatophytina","Anthophytes","Magnoliopsida","Rosidae","Rosanae","Fagales","Betulaceae"
40159,"Tracheophyta","Spermatophytina","Anthophytes","Magnoliopsida","Rosidae","Rosanae","Cucurbitales","Apodanthaceae"
40160,"Tracheophyta","Spermatophytina","Anthophytes","Magnoliopsida","Rosidae","Rosanae","Cucurbitales","Anisophylleaceae"
40161,"Tracheophyta","Spermatophytina","Anthophytes","Magnoliopsida","Rosidae","Rosanae","Cucurbitales","Corynocarpaceae"
40162,"Tracheophyta","Spermatophytina","Anthophytes","Magnoliopsida","Rosidae","Rosanae","Cucurbitales","Coriariaceae"
40163,"Tracheophyta","Spermatophytina","Anthophytes","Magnoliopsida","Rosidae","Rosanae","Cucurbitales","Cucurbitaceae"
40164,"Tracheophyta","Spermatophytina","Anthophytes","Magnoliopsida","Rosidae","Rosanae","Cucurbitales","Tetramelaceae"
40165,"Tracheophyta","Spermatophytina","Anthophytes","Magnoliopsida","Rosidae","Rosanae","Cucurbitales","Datiscaceae"
40166,"Tracheophyta","Spermatophytina","Anthophytes","Magnoliopsida","Rosidae","Rosanae","Cucurbitales","Begoniaceae"
40167,"Tracheophyta","Spermatophytina","Anthophytes","Magnoliopsida","Rosidae","Rosanae","Celastrales","Lepidobotryaceae"
40168,"Tracheophyta","Spermatophytina","Anthophytes","Magnoliopsida","Rosidae","Rosanae","Celastrales","Celastraceae"
40169,"Tracheophyta","Spermatophytina","Anthophytes","Magnoliopsida","Rosidae","Rosanae","Oxalidales","Huaceae"
40170,"Tracheophyta","Spermatophytina","Anthophytes","Magnoliopsida","Rosidae","Rosanae","Oxalidales","Connaraceae"
40171,"Tracheophyta","Spermatophytina","Anthophytes","Magnoliopsida","Rosidae","Rosanae","Oxalidales","Oxalidaceae"
40172,"Tracheophyta","Spermatophytina","Anthophytes","Magnoliopsida","Rosidae","Rosanae","Oxalidales","Cunoniaceae"
40173,"Tracheophyta","Spermatophytina","Anthophytes","Magnoliopsida","Rosidae","Rosanae","Oxalidales","Elaeocarpaceae"
40174,"Tracheophyta","Spermatophytina","Anthophytes","Magnoliopsida","Rosidae","Rosanae","Oxalidales","Cephalotaceae"
40175,"Tracheophyta","Spermatophytina","Anthophytes","Magnoliopsida","Rosidae","Rosanae","Oxalidales","Brunelliaceae"
40176,"Tracheophyta","Spermatophytina","Anthophytes","Magnoliopsida","Rosidae","Rosanae","Malpighiales","Pandaceae"
40177,"Tracheophyta","Spermatophytina","Anthophytes","Magnoliopsida","Rosidae","Rosanae","Malpighiales","Irvingiaceae"
40178,"Tracheophyta","Spermatophytina","Anthophytes","Magnoliopsida","Rosidae","Rosanae","Malpighiales","Ctenolophonaceae"
40179,"Tracheophyta","Spermatophytina","Anthophytes","Magnoliopsida","Rosidae","Rosanae","Malpighiales","Rhizophoraceae"
40180,"Tracheophyta","Spermatophytina","Anthophytes","Magnoliopsida","Rosidae","Rosanae","Malpighiales","Erythroxylaceae"
40181,"Tracheophyta","Spermatophytina","Anthophytes","Magnoliopsida","Rosidae","Rosanae","Malpighiales","Ochnaceae"
40182,"Tracheophyta","Spermatophytina","Anthophytes","Magnoliopsida","Rosidae","Rosanae","Malpighiales","Bonnetiaceae"
40183,"Tracheophyta","Spermatophytina","Anthophytes","Magnoliopsida","Rosidae","Rosanae","Malpighiales","Clusiaceae"
40184,"Tracheophyta","Spermatophytina","Anthophytes","Magnoliopsida","Rosidae","Rosanae","Malpighiales","Calophyllaceae"
40185,"Tracheophyta","Spermatophytina","Anthophytes","Magnoliopsida","Rosidae","Rosanae","Malpighiales","Podostemaceae"
40186,"Tracheophyta","Spermatophytina","Anthophytes","Magnoliopsida","Rosidae","Rosanae","Malpighiales","Hypericaceae"
40187,"Tracheophyta","Spermatophytina","Anthophytes","Magnoliopsida","Rosidae","Rosanae","Malpighiales","Caryocaraceae"
40188,"Tracheophyta","Spermatophytina","Anthophytes","Magnoliopsida","Rosidae","Rosanae","Malpighiales","Lophopyxidaceae"
40189,"Tracheophyta","Spermatophytina","Anthophytes","Magnoliopsida","Rosidae","Rosanae","Malpighiales","Putranjivaceae"
40190,"Tracheophyta","Spermatophytina","Anthophytes","Magnoliopsida","Rosidae","Rosanae","Malpighiales","Centroplacaceae"
40191,"Tracheophyta","Spermatophytina","Anthophytes","Magnoliopsida","Rosidae","Rosanae","Malpighiales","Elatinaceae"
40192,"Tracheophyta","Spermatophytina","Anthophytes","Magnoliopsida","Rosidae","Rosanae","Malpighiales","Malpighiaceae"
40193,"Tracheophyta","Spermatophytina","Anthophytes","Magnoliopsida","Rosidae","Rosanae","Malpighiales","Balanopaceae"
40194,"Tracheophyta","Spermatophytina","Anthophytes","Magnoliopsida","Rosidae","Rosanae","Malpighiales","Trigoniaceae"
40195,"Tracheophyta","Spermatophytina","Anthophytes","Magnoliopsida","Rosidae","Rosanae","Malpighiales","Dichapetalaceae"
40196,"Tracheophyta","Spermatophytina","Anthophytes","Magnoliopsida","Rosidae","Rosanae","Malpighiales","Euphroniaceae"
40197,"Tracheophyta","Spermatophytina","Anthophytes","Magnoliopsida","Rosidae","Rosanae","Malpighiales","Chrysobalanaceae"
40198,"Tracheophyta","Spermatophytina","Anthophytes","Magnoliopsida","Rosidae","Rosanae","Malpighiales","Humiriaceae"
40199,"Tracheophyta","Spermatophytina","Anthophytes","Magnoliopsida","Rosidae","Rosanae","Malpighiales","Achariaceae"
40200,"Tracheophyta","Spermatophytina","Anthophytes","Magnoliopsida","Rosidae","Rosanae","Malpighiales","Violaceae"
40201,"Tracheophyta","Spermatophytina","Anthophytes","Magnoliopsida","Rosidae","Rosanae","Malpighiales","Goupiaceae"
40202,"Tracheophyta","Spermatophytina","Anthophytes","Magnoliopsida","Rosidae","Rosanae","Malpighiales","Passifloraceae"
40203,"Tracheophyta","Spermatophytina","Anthophytes","Magnoliopsida","Rosidae","Rosanae","Malpighiales","Lacistemataceae"
40204,"Tracheophyta","Spermatophytina","Anthophytes","Magnoliopsida","Rosidae","Rosanae","Malpighiales","Salicaceae"
40205,"Tracheophyta","Spermatophytina","Anthophytes","Magnoliopsida","Rosidae","Rosanae","Malpighiales","Peraceae"
40206,"Tracheophyta","Spermatophytina","Anthophytes","Magnoliopsida","Rosidae","Rosanae","Malpighiales","Rafflesiaceae"
40207,"Tracheophyta","Spermatophytina","Anthophytes","Magnoliopsida","Rosidae","Rosanae","Malpighiales","Euphorbiaceae"
40208,"Tracheophyta","Spermatophytina","Anthophytes","Magnoliopsida","Rosidae","Rosanae","Malpighiales","Linaceae"
40209,"Tracheophyta","Spermatophytina","Anthophytes","Magnoliopsida","Rosidae","Rosanae","Malpighiales","Ixonanthaceae"
40210,"Tracheophyta","Spermatophytina","Anthophytes","Magnoliopsida","Rosidae","Rosanae","Malpighiales","Picrodendraceae"
40211,"Tracheophyta","Spermatophytina","Anthophytes","Magnoliopsida","Rosidae","Rosanae","Malpighiales","Phyllanthaceae"
40212,"Tracheophyta","Spermatophytina","Anthophytes","Magnoliopsida","Rosidae","Rosanae","Geraniales","Geraniaceae"
40213,"Tracheophyta","Spermatophytina","Anthophytes","Magnoliopsida","Rosidae","Rosanae","Geraniales","Francoaceae"
40214,"Tracheophyta","Spermatophytina","Anthophytes","Magnoliopsida","Rosidae","Rosanae","Myrtales","Combretaceae"
40215,"Tracheophyta","Spermatophytina","Anthophytes","Magnoliopsida","Rosidae","Rosanae","Myrtales","Lythraceae"
40216,"Tracheophyta","Spermatophytina","Anthophytes","Magnoliopsida","Rosidae","Rosanae","Myrtales","Onagraceae"
40217,"Tracheophyta","Spermatophytina","Anthophytes","Magnoliopsida","Rosidae","Rosanae","Myrtales","Vochysiaceae"
40218,"Tracheophyta","Spermatophytina","Anthophytes","Magnoliopsida","Rosidae","Rosanae","Myrtales","Myrtaceae"
40219,"Tracheophyta","Spermatophytina","Anthophytes","Magnoliopsida","Rosidae","Rosanae","Myrtales","Melastomataceae"
40220,"Tracheophyta","Spermatophytina","Anthophytes","Magnoliopsida","Rosidae","Rosanae","Myrtales","Crypteroniaceae"
40221,"Tracheophyta","Spermatophytina","Anthophytes","Magnoliopsida","Rosidae","Rosanae","Myrtales","Alzateaceae"
40222,"Tracheophyta","Spermatophytina","Anthophytes","Magnoliopsida","Rosidae","Rosanae","Myrtales","Penaeaceae"
40223,"Tracheophyta","Spermatophytina","Anthophytes","Magnoliopsida","Rosidae","Rosanae","Crossosomatales","Aphloiaceae"
40224,"Tracheophyta","Spermatophytina","Anthophytes","Magnoliopsida","Rosidae","Rosanae","Crossosomatales","Geissolomataceae"
40225,"Tracheophyta","Spermatophytina","Anthophytes","Magnoliopsida","Rosidae","Rosanae","Crossosomatales","Strasburgeriaceae"
40226,"Tracheophyta","Spermatophytina","Anthophytes","Magnoliopsida","Rosidae","Rosanae","Crossosomatales","Staphyleaceae"
40227,"Tracheophyta","Spermatophytina","Anthophytes","Magnoliopsida","Rosidae","Rosanae","Crossosomatales","Guamatelaceae"
40228,"Tracheophyta","Spermatophytina","Anthophytes","Magnoliopsida","Rosidae","Rosanae","Crossosomatales","Stachyuraceae"
40229,"Tracheophyta","Spermatophytina","Anthophytes","Magnoliopsida","Rosidae","Rosanae","Crossosomatales","Crossosomataceae"
40230,"Tracheophyta","Spermatophytina","Anthophytes","Magnoliopsida","Rosidae","Rosanae","Picramniales","Picramniaceae"
40231,"Tracheophyta","Spermatophytina","Anthophytes","Magnoliopsida","Rosidae","Rosanae","Huerteales","Gerrardinaceae"
40232,"Tracheophyta","Spermatophytina","Anthophytes","Magnoliopsida","Rosidae","Rosanae","Huerteales","Petenaeaceae"
40233,"Tracheophyta","Spermatophytina","Anthophytes","Magnoliopsida","Rosidae","Rosanae","Huerteales","Tapisciaceae"
40234,"Tracheophyta","Spermatophytina","Anthophytes","Magnoliopsida","Rosidae","Rosanae","Huerteales","Dipentodontaceae"
40235,"Tracheophyta","Spermatophytina","Anthophytes","Magnoliopsida","Rosidae","Rosanae","Sapindales","Biebersteiniaceae"
40236,"Tracheophyta","Spermatophytina","Anthophytes","Magnoliopsida","Rosidae","Rosanae","Sapindales","Nitrariaceae"
40237,"Tracheophyta","Spermatophytina","Anthophytes","Magnoliopsida","Rosidae","Rosanae","Sapindales","Kirkiaceae"
40238,"Tracheophyta","Spermatophytina","Anthophytes","Magnoliopsida","Rosidae","Rosanae","Sapindales","Burseraceae"
40239,"Tracheophyta","Spermatophytina","Anthophytes","Magnoliopsida","Rosidae","Rosanae","Sapindales","Anacardiaceae"
40240,"Tracheophyta","Spermatophytina","Anthophytes","Magnoliopsida","Rosidae","Rosanae","Sapindales","Sapindaceae"
40241,"Tracheophyta","Spermatophytina","Anthophytes","Magnoliopsida","Rosidae","Rosanae","Sapindales","Rutaceae"
40242,"Tracheophyta","Spermatophytina","Anthophytes","Magnoliopsida","Rosidae","Rosanae","Sapindales","Simaroubaceae"
40243,"Tracheophyta","Spermatophytina","Anthophytes","Magnoliopsida","Rosidae","Rosanae","Sapindales","Meliaceae"
40244,"Tracheophyta","Spermatophytina","Anthophytes","Magnoliopsida","Rosidae","Rosanae","Malvales","Cytinaceae"
40245,"Tracheophyta","Spermatophytina","Anthophytes","Magnoliopsida","Rosidae","Rosanae","Malvales","Muntingiaceae"
40246,"Tracheophyta","Spermatophytina","Anthophytes","Magnoliopsida","Rosidae","Rosanae","Malvales","Neuradaceae"
40247,"Tracheophyta","Spermatophytina","Anthophytes","Magnoliopsida","Rosidae","Rosanae","Malvales","Malvaceae"
40248,"Tracheophyta","Spermatophytina","Anthophytes","Magnoliopsida","Rosidae","Rosanae","Malvales","Sphaerosepalaceae"
40249,"Tracheophyta","Spermatophytina","Anthophytes","Magnoliopsida","Rosidae","Rosanae","Malvales","Thymelaeaceae"
40250,"Tracheophyta","Spermatophytina","Anthophytes","Magnoliopsida","Rosidae","Rosanae","Malvales","Bixaceae"
40251,"Tracheophyta","Spermatophytina","Anthophytes","Magnoliopsida","Rosidae","Rosanae","Malvales","Cistaceae"
40252,"Tracheophyta","Spermatophytina","Anthophytes","Magnoliopsida","Rosidae","Rosanae","Malvales","Sarcolaenaceae"
40253,"Tracheophyta","Spermatophytina","Anthophytes","Magnoliopsida","Rosidae","Rosanae","Malvales","Dipterocarpaceae"
40254,"Tracheophyta","Spermatophytina","Anthophytes","Magnoliopsida","Rosidae","Rosanae","Brassicales","Akaniaceae"
40255,"Tracheophyta","Spermatophytina","Anthophytes","Magnoliopsida","Rosidae","Rosanae","Brassicales","Tropaeolaceae"
40256,"Tracheophyta","Spermatophytina","Anthophytes","Magnoliopsida","Rosidae","Rosanae","Brassicales","Moringaceae"
40257,"Tracheophyta","Spermatophytina","Anthophytes","Magnoliopsida","Rosidae","Rosanae","Brassicales","Caricaceae"
40258,"Tracheophyta","Spermatophytina","Anthophytes","Magnoliopsida","Rosidae","Rosanae","Brassicales","Limnanthaceae"
40259,"Tracheophyta","Spermatophytina","Anthophytes","Magnoliopsida","Rosidae","Rosanae","Brassicales","Setchellanthaceae"
40260,"Tracheophyta","Spermatophytina","Anthophytes","Magnoliopsida","Rosidae","Rosanae","Brassicales","Koeberliniaceae"
40261,"Tracheophyta","Spermatophytina","Anthophytes","Magnoliopsida","Rosidae","Rosanae","Brassicales","Bataceae"
40262,"Tracheophyta","Spermatophytina","Anthophytes","Magnoliopsida","Rosidae","Rosanae","Brassicales","Salvadoraceae"
40263,"Tracheophyta","Spermatophytina","Anthophytes","Magnoliopsida","Rosidae","Rosanae","Brassicales","Emblingiaceae"
40264,"Tracheophyta","Spermatophytina","Anthophytes","Magnoliopsida","Rosidae","Rosanae","Brassicales","Tovariaceae"
40265,"Tracheophyta","Spermatophytina","Anthophytes","Magnoliopsida","Rosidae","Rosanae","Brassicales","Pentadiplandraceae"
40266,"Tracheophyta","Spermatophytina","Anthophytes","Magnoliopsida","Rosidae","Rosanae","Brassicales","Gyrostemonaceae"
40267,"Tracheophyta","Spermatophytina","Anthophytes","Magnoliopsida","Rosidae","Rosanae","Brassicales","Resedaceae"
40268,"Tracheophyta","Spermatophytina","Anthophytes","Magnoliopsida","Rosidae","Rosanae","Brassicales","Capparaceae"
40269,"Tracheophyta","Spermatophytina","Anthophytes","Magnoliopsida","Rosidae","Rosanae","Brassicales","Cleomaceae"
40270,"Tracheophyta","Spermatophytina","Anthophytes","Magnoliopsida","Rosidae","Rosanae","Brassicales","Brassicaceae"
40271,"Tracheophyta","Spermatophytina","Anthophytes","Magnoliopsida","Rosidae","Berberidopsidanae","Berberidopsidales","Aextoxicaceae"
40272,"Tracheophyta","Spermatophytina","Anthophytes","Magnoliopsida","Rosidae","Berberidopsidanae","Berberidopsidales","Berberidopsidaceae"
40273,"Tracheophyta","Spermatophytina","Anthophytes","Magnoliopsida","Rosidae","Santalanae","Santalales","Olacaceae"
40274,"Tracheophyta","Spermatophytina","Anthophytes","Magnoliopsida","Rosidae","Santalanae","Santalales","Opiliaceae"
40275,"Tracheophyta","Spermatophytina","Anthophytes","Magnoliopsida","Rosidae","Santalanae","Santalales","Balanophoraceae"
40276,"Tracheophyta","Spermatophytina","Anthophytes","Magnoliopsida","Rosidae","Santalanae","Santalales","Santalaceae"
40277,"Tracheophyta","Spermatophytina","Anthophytes","Magnoliopsida","Rosidae","Santalanae","Santalales","Misodendraceae"
40278,"Tracheophyta","Spermatophytina","Anthophytes","Magnoliopsida","Rosidae","Santalanae","Santalales","Schoepfiaceae"
40279,"Tracheophyta","Spermatophytina","Anthophytes","Magnoliopsida","Rosidae","Santalanae","Santalales","Loranthaceae"
40280,"Tracheophyta","Spermatophytina","Anthophytes","Magnoliopsida","Rosidae","Caryophyllanae","Caryophyllales","Frankeniaceae"
40281,"Tracheophyta","Spermatophytina","Anthophytes","Magnoliopsida","Rosidae","Caryophyllanae","Caryophyllales","Tamaricaceae"
40282,"Tracheophyta","Spermatophytina","Anthophytes","Magnoliopsida","Rosidae","Caryophyllanae","Caryophyllales","Plumbaginaceae"
40283,"Tracheophyta","Spermatophytina","Anthophytes","Magnoliopsida","Rosidae","Caryophyllanae","Caryophyllales","Polygonaceae"
40284,"Tracheophyta","Spermatophytina","Anthophytes","Magnoliopsida","Rosidae","Caryophyllanae","Caryophyllales","Droseraceae"
40285,"Tracheophyta","Spermatophytina","Anthophytes","Magnoliopsida","Rosidae","Caryophyllanae","Caryophyllales","Nepenthaceae"
40286,"Tracheophyta","Spermatophytina","Anthophytes","Magnoliopsida","Rosidae","Caryophyllanae","Caryophyllales","Drosophyllaceae"
40287,"Tracheophyta","Spermatophytina","Anthophytes","Magnoliopsida","Rosidae","Caryophyllanae","Caryophyllales","Dioncophyllaceae"
40288,"Tracheophyta","Spermatophytina","Anthophytes","Magnoliopsida","Rosidae","Caryophyllanae","Caryophyllales","Ancistrocladaceae"
40289,"Tracheophyta","Spermatophytina","Anthophytes","Magnoliopsida","Rosidae","Caryophyllanae","Caryophyllales","Rhabdodendraceae"
40290,"Tracheophyta","Spermatophytina","Anthophytes","Magnoliopsida","Rosidae","Caryophyllanae","Caryophyllales","Simmondsiaceae"
40291,"Tracheophyta","Spermatophytina","Anthophytes","Magnoliopsida","Rosidae","Caryophyllanae","Caryophyllales","Physenaceae"
40292,"Tracheophyta","Spermatophytina","Anthophytes","Magnoliopsida","Rosidae","Caryophyllanae","Caryophyllales","Asteropeiaceae"
40293,"Tracheophyta","Spermatophytina","Anthophytes","Magnoliopsida","Rosidae","Caryophyllanae","Caryophyllales","Macarthuriaceae"
40294,"Tracheophyta","Spermatophytina","Anthophytes","Magnoliopsida","Rosidae","Caryophyllanae","Caryophyllales","Microteaceae"
40295,"Tracheophyta","Spermatophytina","Anthophytes","Magnoliopsida","Rosidae","Caryophyllanae","Caryophyllales","Caryophyllaceae"
40296,"Tracheophyta","Spermatophytina","Anthophytes","Magnoliopsida","Rosidae","Caryophyllanae","Caryophyllales","Achatocarpaceae"
40297,"Tracheophyta","Spermatophytina","Anthophytes","Magnoliopsida","Rosidae","Caryophyllanae","Caryophyllales","Amaranthaceae"
40298,"Tracheophyta","Spermatophytina","Anthophytes","Magnoliopsida","Rosidae","Caryophyllanae","Caryophyllales","Stegnospermataceae"
40299,"Tracheophyta","Spermatophytina","Anthophytes","Magnoliopsida","Rosidae","Caryophyllanae","Caryophyllales","Limeaceae"
40300,"Tracheophyta","Spermatophytina","Anthophytes","Magnoliopsida","Rosidae","Caryophyllanae","Caryophyllales","Lophiocarpaceae"
40301,"Tracheophyta","Spermatophytina","Anthophytes","Magnoliopsida","Rosidae","Caryophyllanae","Caryophyllales","Kewaceae"
40302,"Tracheophyta","Spermatophytina","Anthophytes","Magnoliopsida","Rosidae","Caryophyllanae","Caryophyllales","Barbeuiaceae"
40303,"Tracheophyta","Spermatophytina","Anthophytes","Magnoliopsida","Rosidae","Caryophyllanae","Caryophyllales","Gisekiaceae"
40304,"Tracheophyta","Spermatophytina","Anthophytes","Magnoliopsida","Rosidae","Caryophyllanae","Caryophyllales","Aizoaceae"
40305,"Tracheophyta","Spermatophytina","Anthophytes","Magnoliopsida","Rosidae","Caryophyllanae","Caryophyllales","Phytolaccaceae"
40306,"Tracheophyta","Spermatophytina","Anthophytes","Magnoliopsida","Rosidae","Caryophyllanae","Caryophyllales","Petiveriaceae"
40307,"Tracheophyta","Spermatophytina","Anthophytes","Magnoliopsida","Rosidae","Caryophyllanae","Caryophyllales","Sarcobataceae"
40308,"Tracheophyta","Spermatophytina","Anthophytes","Magnoliopsida","Rosidae","Caryophyllanae","Caryophyllales","Nyctaginaceae"
40309,"Tracheophyta","Spermatophytina","Anthophytes","Magnoliopsida","Rosidae","Caryophyllanae","Caryophyllales","Molluginaceae"
40310,"Tracheophyta","Spermatophytina","Anthophytes","Magnoliopsida","Rosidae","Caryophyllanae","Caryophyllales","Montiaceae"
40311,"Tracheophyta","Spermatophytina","Anthophytes","Magnoliopsida","Rosidae","Caryophyllanae","Caryophyllales","Didiereaceae"
40312,"Tracheophyta","Spermatophytina","Anthophytes","Magnoliopsida","Rosidae","Caryophyllanae","Caryophyllales","Basellaceae"
40313,"Tracheophyta","Spermatophytina","Anthophytes","Magnoliopsida","Rosidae","Caryophyllanae","Caryophyllales","Halophytaceae"
40314,"Tracheophyta","Spermatophytina","Anthophytes","Magnoliopsida","Rosidae","Caryophyllanae","Caryophyllales","Talinaceae"
40315,"Tracheophyta","Spermatophytina","Anthophytes","Magnoliopsida","Rosidae","Caryophyllanae","Caryophyllales","Portulacaceae"
40316,"Tracheophyta","Spermatophytina","Anthophytes","Magnoliopsida","Rosidae","Caryophyllanae","Caryophyllales","Anacampserotaceae"
40317,"Tracheophyta","Spermatophytina","Anthophytes","Magnoliopsida","Rosidae","Caryophyllanae","Caryophyllales","Cactaceae"
40318,"Tracheophyta","Spermatophytina","Anthophytes","Magnoliopsida","Rosidae","Asteranae","Cornales","Nyssaceae"
40319,"Tracheophyta","Spermatophytina","Anthophytes","Magnoliopsida","Rosidae","Asteranae","Cornales","Hydrostachyaceae"
40320,"Tracheophyta","Spermatophytina","Anthophytes","Magnoliopsida","Rosidae","Asteranae","Cornales","Hydrangeaceae"
40321,"Tracheophyta","Spermatophytina","Anthophytes","Magnoliopsida","Rosidae","Asteranae","Cornales","Loasaceae"
40322,"Tracheophyta","Spermatophytina","Anthophytes","Magnoliopsida","Rosidae","Asteranae","Cornales","Curtisiaceae"
40323,"Tracheophyta","Spermatophytina","Anthophytes","Magnoliopsida","Rosidae","Asteranae","Cornales","Grubbiaceae"
40324,"Tracheophyta","Spermatophytina","Anthophytes","Magnoliopsida","Rosidae","Asteranae","Cornales","Cornaceae"
40325,"Tracheophyta","Spermatophytina","Anthophytes","Magnoliopsida","Rosidae","Asteranae","Ericales","Balsaminaceae"
40326,"Tracheophyta","Spermatophytina","Anthophytes","Magnoliopsida","Rosidae","Asteranae","Ericales","Marcgraviaceae"
40327,"Tracheophyta","Spermatophytina","Anthophytes","Magnoliopsida","Rosidae","Asteranae","Ericales","Tetrameristaceae"
40328,"Tracheophyta","Spermatophytina","Anthophytes","Magnoliopsida","Rosidae","Asteranae","Ericales","Fouquieriaceae"
40329,"Tracheophyta","Spermatophytina","Anthophytes","Magnoliopsida","Rosidae","Asteranae","Ericales","Polemoniaceae"
40330,"Tracheophyta","Spermatophytina","Anthophytes","Magnoliopsida","Rosidae","Asteranae","Ericales","Lecythidaceae"
40331,"Tracheophyta","Spermatophytina","Anthophytes","Magnoliopsida","Rosidae","Asteranae","Ericales","Sladeniaceae"
40332,"Tracheophyta","Spermatophytina","Anthophytes","Magnoliopsida","Rosidae","Asteranae","Ericales","Pentaphylacaceae"
40333,"Tracheophyta","Spermatophytina","Anthophytes","Magnoliopsida","Rosidae","Asteranae","Ericales","Sapotaceae"
40334,"Tracheophyta","Spermatophytina","Anthophytes","Magnoliopsida","Rosidae","Asteranae","Ericales","Ebenaceae"
40335,"Tracheophyta","Spermatophytina","Anthophytes","Magnoliopsida","Rosidae","Asteranae","Ericales","Primulaceae"
40336,"Tracheophyta","Spermatophytina","Anthophytes","Magnoliopsida","Rosidae","Asteranae","Ericales","Theaceae"
40337,"Tracheophyta","Spermatophytina","Anthophytes","Magnoliopsida","Rosidae","Asteranae","Ericales","Symplocaceae"
40338,"Tracheophyta","Spermatophytina","Anthophytes","Magnoliopsida","Rosidae","Asteranae","Ericales","Diapensiaceae"
40339,"Tracheophyta","Spermatophytina","Anthophytes","Magnoliopsida","Rosidae","Asteranae","Ericales","Styracaceae"
40340,"Tracheophyta","Spermatophytina","Anthophytes","Magnoliopsida","Rosidae","Asteranae","Ericales","Sarraceniaceae"
40341,"Tracheophyta","Spermatophytina","Anthophytes","Magnoliopsida","Rosidae","Asteranae","Ericales","Roridulaceae"
40342,"Tracheophyta","Spermatophytina","Anthophytes","Magnoliopsida","Rosidae","Asteranae","Ericales","Actinidiaceae"
40343,"Tracheophyta","Spermatophytina","Anthophytes","Magnoliopsida","Rosidae","Asteranae","Ericales","Clethraceae"
40344,"Tracheophyta","Spermatophytina","Anthophytes","Magnoliopsida","Rosidae","Asteranae","Ericales","Cyrillaceae"
40345,"Tracheophyta","Spermatophytina","Anthophytes","Magnoliopsida","Rosidae","Asteranae","Ericales","Ericaceae"
40346,"Tracheophyta","Spermatophytina","Anthophytes","Magnoliopsida","Rosidae","Asteranae","Ericales","Mitrastemonaceae"
40347,"Tracheophyta","Spermatophytina","Anthophytes","Magnoliopsida","Rosidae","Asteranae","Icacinales","Oncothecaceae"
40348,"Tracheophyta","Spermatophytina","Anthophytes","Magnoliopsida","Rosidae","Asteranae","Icacinales","Icacinaceae"
40349,"Tracheophyta","Spermatophytina","Anthophytes","Magnoliopsida","Rosidae","Asteranae","Metteniusales","Metteniusaceae"
40350,"Tracheophyta","Spermatophytina","Anthophytes","Magnoliopsida","Rosidae","Asteranae","Garryales","Eucommiaceae"
40351,"Tracheophyta","Spermatophytina","Anthophytes","Magnoliopsida","Rosidae","Asteranae","Garryales","Garryaceae"
40352,"Tracheophyta","Spermatophytina","Anthophytes","Magnoliopsida","Rosidae","Asteranae","Gentianales","Rubiaceae"
40353,"Tracheophyta","Spermatophytina","Anthophytes","Magnoliopsida","Rosidae","Asteranae","Gentianales","Gentianaceae"
40354,"Tracheophyta","Spermatophytina","Anthophytes","Magnoliopsida","Rosidae","Asteranae","Gentianales","Loganiaceae"
40355,"Tracheophyta","Spermatophytina","Anthophytes","Magnoliopsida","Rosidae","Asteranae","Gentianales","Gelsemiaceae"
40356,"Tracheophyta","Spermatophytina","Anthophytes","Magnoliopsida","Rosidae","Asteranae","Gentianales","Apocynaceae"
40357,"Tracheophyta","Spermatophytina","Anthophytes","Magnoliopsida","Rosidae","Asteranae","Boraginales","Codonaceae"
40358,"Tracheophyta","Spermatophytina","Anthophytes","Magnoliopsida","Rosidae","Asteranae","Boraginales","Wellstediaceae"
40359,"Tracheophyta","Spermatophytina","Anthophytes","Magnoliopsida","Rosidae","Asteranae","Boraginales","Boraginaceae"
40360,"Tracheophyta","Spermatophytina","Anthophytes","Magnoliopsida","Rosidae","Asteranae","Boraginales","Hydrophyllaceae"
40361,"Tracheophyta","Spermatophytina","Anthophytes","Magnoliopsida","Rosidae","Asteranae","Boraginales","Namaceae"
40362,"Tracheophyta","Spermatophytina","Anthophytes","Magnoliopsida","Rosidae","Asteranae","Boraginales","Heliotropiaceae"
40363,"Tracheophyta","Spermatophytina","Anthophytes","Magnoliopsida","Rosidae","Asteranae","Boraginales","Cordiaceae"
40364,"Tracheophyta","Spermatophytina","Anthophytes","Magnoliopsida","Rosidae","Asteranae","Boraginales","Ehretiaceae"
40367,"Tracheophyta","Spermatophytina","Anthophytes","Magnoliopsida","Rosidae","Asteranae","Vahliales","Vahliaceae"
40368,"Tracheophyta","Spermatophytina","Anthophytes","Magnoliopsida","Rosidae","Asteranae","Solanales","Convolvulaceae"
40369,"Tracheophyta","Spermatophytina","Anthophytes","Magnoliopsida","Rosidae","Asteranae","Solanales","Solanaceae"
40370,"Tracheophyta","Spermatophytina","Anthophytes","Magnoliopsida","Rosidae","Asteranae","Solanales","Montiniaceae"
40371,"Tracheophyta","Spermatophytina","Anthophytes","Magnoliopsida","Rosidae","Asteranae","Solanales","Sphenocleaceae"
40372,"Tracheophyta","Spermatophytina","Anthophytes","Magnoliopsida","Rosidae","Asteranae","Solanales","Hydroleaceae"
40373,"Tracheophyta","Spermatophytina","Anthophytes","Magnoliopsida","Rosidae","Asteranae","Lamiales","Plocospermataceae"
40374,"Tracheophyta","Spermatophytina","Anthophytes","Magnoliopsida","Rosidae","Asteranae","Lamiales","Carlemanniaceae"
40375,"Tracheophyta","Spermatophytina","Anthophytes","Magnoliopsida","Rosidae","Asteranae","Lamiales","Oleaceae"
40376,"Tracheophyta","Spermatophytina","Anthophytes","Magnoliopsida","Rosidae","Asteranae","Lamiales","Tetrachondraceae"
40377,"Tracheophyta","Spermatophytina","Anthophytes","Magnoliopsida","Rosidae","Asteranae","Lamiales","Calceolariaceae"
40378,"Tracheophyta","Spermatophytina","Anthophytes","Magnoliopsida","Rosidae","Asteranae","Lamiales","Gesneriaceae"
40379,"Tracheophyta","Spermatophytina","Anthophytes","Magnoliopsida","Rosidae","Asteranae","Lamiales","Plantaginaceae"
40380,"Tracheophyta","Spermatophytina","Anthophytes","Magnoliopsida","Rosidae","Asteranae","Lamiales","Scrophulariaceae"
40381,"Tracheophyta","Spermatophytina","Anthophytes","Magnoliopsida","Rosidae","Asteranae","Lamiales","Stilbaceae"
40382,"Tracheophyta","Spermatophytina","Anthophytes","Magnoliopsida","Rosidae","Asteranae","Lamiales","Linderniaceae"
40383,"Tracheophyta","Spermatophytina","Anthophytes","Magnoliopsida","Rosidae","Asteranae","Lamiales","Byblidaceae"
40384,"Tracheophyta","Spermatophytina","Anthophytes","Magnoliopsida","Rosidae","Asteranae","Lamiales","Martyniaceae"
40385,"Tracheophyta","Spermatophytina","Anthophytes","Magnoliopsida","Rosidae","Asteranae","Lamiales","Pedaliaceae"
40386,"Tracheophyta","Spermatophytina","Anthophytes","Magnoliopsida","Rosidae","Asteranae","Lamiales","Acanthaceae"
40387,"Tracheophyta","Spermatophytina","Anthophytes","Magnoliopsida","Rosidae","Asteranae","Lamiales","Bignoniaceae"
40388,"Tracheophyta","Spermatophytina","Anthophytes","Magnoliopsida","Rosidae","Asteranae","Lamiales","Lentibulariaceae"
40389,"Tracheophyta","Spermatophytina","Anthophytes","Magnoliopsida","Rosidae","Asteranae","Lamiales","Schlegeliaceae"
40390,"Tracheophyta","Spermatophytina","Anthophytes","Magnoliopsida","Rosidae","Asteranae","Lamiales","Thomandersiaceae"
40391,"Tracheophyta","Spermatophytina","Anthophytes","Magnoliopsida","Rosidae","Asteranae","Lamiales","Verbenaceae"
40392,"Tracheophyta","Spermatophytina","Anthophytes","Magnoliopsida","Rosidae","Asteranae","Lamiales","Lamiaceae"
40393,"Tracheophyta","Spermatophytina","Anthophytes","Magnoliopsida","Rosidae","Asteranae","Lamiales","Mazaceae"
40394,"Tracheophyta","Spermatophytina","Anthophytes","Magnoliopsida","Rosidae","Asteranae","Lamiales","Phrymaceae"
40395,"Tracheophyta","Spermatophytina","Anthophytes","Magnoliopsida","Rosidae","Asteranae","Lamiales","Wightiaceae"
40396,"Tracheophyta","Spermatophytina","Anthophytes","Magnoliopsida","Rosidae","Asteranae","Lamiales","Paulowniaceae"
40397,"Tracheophyta","Spermatophytina","Anthophytes","Magnoliopsida","Rosidae","Asteranae","Lamiales","Orobanchaceae"
40398,"Tracheophyta","Spermatophytina","Anthophytes","Magnoliopsida","Rosidae","Asteranae","Aquifoliales","Stemonuraceae"
40399,"Tracheophyta","Spermatophytina","Anthophytes","Magnoliopsida","Rosidae","Asteranae","Aquifoliales","Cardiopteridaceae"
40400,"Tracheophyta","Spermatophytina","Anthophytes","Magnoliopsida","Rosidae","Asteranae","Aquifoliales","Phyllonomaceae"
40401,"Tracheophyta","Spermatophytina","Anthophytes","Magnoliopsida","Rosidae","Asteranae","Aquifoliales","Helwingiaceae"
40402,"Tracheophyta","Spermatophytina","Anthophytes","Magnoliopsida","Rosidae","Asteranae","Aquifoliales","Aquifoliaceae"
40403,"Tracheophyta","Spermatophytina","Anthophytes","Magnoliopsida","Rosidae","Asteranae","Asterales","Rousseaceae"
40404,"Tracheophyta","Spermatophytina","Anthophytes","Magnoliopsida","Rosidae","Asteranae","Asterales","Campanulaceae"
40405,"Tracheophyta","Spermatophytina","Anthophytes","Magnoliopsida","Rosidae","Asteranae","Asterales","Pentaphragmataceae"
40406,"Tracheophyta","Spermatophytina","Anthophytes","Magnoliopsida","Rosidae","Asteranae","Asterales","Stylidiaceae"
40407,"Tracheophyta","Spermatophytina","Anthophytes","Magnoliopsida","Rosidae","Asteranae","Asterales","Alseuosmiaceae"
40408,"Tracheophyta","Spermatophytina","Anthophytes","Magnoliopsida","Rosidae","Asteranae","Asterales","Phellinaceae"
40409,"Tracheophyta","Spermatophytina","Anthophytes","Magnoliopsida","Rosidae","Asteranae","Asterales","Argophyllaceae"
40410,"Tracheophyta","Spermatophytina","Anthophytes","Magnoliopsida","Rosidae","Asteranae","Asterales","Menyanthaceae"
40411,"Tracheophyta","Spermatophytina","Anthophytes","Magnoliopsida","Rosidae","Asteranae","Asterales","Goodeniaceae"
40412,"Tracheophyta","Spermatophytina","Anthophytes","Magnoliopsida","Rosidae","Asteranae","Asterales","Calyceraceae"
40413,"Tracheophyta","Spermatophytina","Anthophytes","Magnoliopsida","Rosidae","Asteranae","Asterales","Asteraceae"
40414,"Tracheophyta","Spermatophytina","Anthophytes","Magnoliopsida","Rosidae","Asteranae","Escalloniales","Escalloniaceae"
40415,"Tracheophyta","Spermatophytina","Anthophytes","Magnoliopsida","Rosidae","Asteranae","Bruniales","Columelliaceae"
40416,"Tracheophyta","Spermatophytina","Anthophytes","Magnoliopsida","Rosidae","Asteranae","Bruniales","Bruniaceae"
40417,"Tracheophyta","Spermatophytina","Anthophytes","Magnoliopsida","Rosidae","Asteranae","Paracryphiales","Paracryphiaceae"
40418,"Tracheophyta","Spermatophytina","Anthophytes","Magnoliopsida","Rosidae","Asteranae","Dipsacales","Viburnaceae"
40419,"Tracheophyta","Spermatophytina","Anthophytes","Magnoliopsida","Rosidae","Asteranae","Dipsacales","Caprifoliaceae"
40420,"Tracheophyta","Spermatophytina","Anthophytes","Magnoliopsida","Rosidae","Asteranae","Apiales","Pennantiaceae"
40421,"Tracheophyta","Spermatophytina","Anthophytes","Magnoliopsida","Rosidae","Asteranae","Apiales","Torricelliaceae"
40422,"Tracheophyta","Spermatophytina","Anthophytes","Magnoliopsida","Rosidae","Asteranae","Apiales","Griseliniaceae"
40423,"Tracheophyta","Spermatophytina","Anthophytes","Magnoliopsida","Rosidae","Asteranae","Apiales","Pittosporaceae"
40424,"Tracheophyta","Spermatophytina","Anthophytes","Magnoliopsida","Rosidae","Asteranae","Apiales","Araliaceae"
40425,"Tracheophyta","Spermatophytina","Anthophytes","Magnoliopsida","Rosidae","Asteranae","Apiales","Myodocarpaceae"
40426,"Tracheophyta","Spermatophytina","Anthophytes","Magnoliopsida","Rosidae","Asteranae","Apiales","Apiaceae"
